Workbook

Sheet Base Original
A1: Data | B1: Vendedor | C1: Cliente | D1: Região | E1: Produto | F1: Valor
A2: 43466 | B2: Paulo | C2: Thamires Bastos | D2: Sudeste | E2: Python | F2: 450
A3: 43466 | B3: Paulo | C3: Jessika Mineiro | D3: Centro-Oeste | E3: Excel | F3: 500
A4: 43467 | B4: Diego | C4: Glenda Jalles | D4: Norte | E4: VBA | F4: 600
A5: 43467 | B5: Diego | C5: Eugênio Mattos | D5: Sul | E5: Python | F5: 450
A6: 43467 | B6: Alon | C6: Yasmine Gomes | D6: Norte | E6: VBA | F6: 600
A7: 43467 | B7: Diego | C7: Lázaro Vilhena | D7: Norte | E7: Word | F7: 500
A8: 43467 | B8: Alon | C8: Rojane Nemitz | D8: Sudeste | E8: Word | F8: 600
A9: 43467 | B9: Diego | C9: Micaele Ferrer | D9: Sudeste | E9: Word | F9: 500
A10: 43468 | B10: Alon | C10: Igor Flavio | D10: Sudeste | E10: Word | F10: 600
A11: 43468 | B11: Gabriel | C11: Wesley Medeiros | D11: Nordeste | E11: Power BI | F11: 450
A12: 43468 | B12: João | C12: Beatriz Costa | D12: Centro-Oeste | E12: Python | F12: 450
A13: 43469 | B13: Gabriel | C13: Marisol Mendes | D13: Sul | E13: VBA | F13: 600
... A3670: 44561 | B3670: João | C3670: Marcelle Chagas | D3670: Sudeste | E3670: VBA | F3670: 600

Sheet Base Tratada
A1: Data | B1: Ano | C1: Mês | D1: Vendedor | E1: Cliente | F1: Nome Cliente | G1: Sobre Nome Cliente | H1: Região | I1: Produto | J1: Valor
A2: 43466 | B2: =YEAR(A2) -> 2019 | C2: =TEXT(A2,"mmm") -> jan | D2: Paulo | E2: Thamires Bastos | F2: Thamires | G2: Bastos | H2: Sudeste | I2: Python | J2: 450
A3: 43466 | B3: =YEAR(A3) -> 2019 | C3: =TEXT(A3,"mmm") -> jan | D3: Paulo | E3: Jessika Mineiro | F3: Jessika | G3: Mineiro | H3: Centro-Oeste | I3: Excel | J3: 500
A4: 43467 | B4: =YEAR(A4) -> 2019 | C4: =TEXT(A4,"mmm") -> jan | D4: Diego | E4: Glenda Jalles | F4: Glenda | G4: Jalles | H4: Norte | I4: VBA | J4: 600
A5: 43467 | B5: =YEAR(A5) -> 2019 | C5: =TEXT(A5,"mmm") -> jan | D5: Diego | E5: Eugênio Mattos | F5: Eugênio | G5: Mattos | H5: Sul | I5: Python | J5: 450
A6: 43467 | B6: =YEAR(A6) -> 2019 | C6: =TEXT(A6,"mmm") -> jan | D6: Alon | E6: Yasmine Gomes | F6: Yasmine | G6: Gomes | H6: Norte | I6: VBA | J6: 600
A7: 43467 | B7: =YEAR(A7) -> 2019 | C7: =TEXT(A7,"mmm") -> jan | D7: Diego | E7: Lázaro Vilhena | F7: Lázaro | G7: Vilhena | H7: Norte | I7: Word | J7: 500
A8: 43467 | B8: =YEAR(A8) -> 2019 | C8: =TEXT(A8,"mmm") -> jan | D8: Alon | E8: Rojane Nemitz | F8: Rojane | G8: Nemitz | H8: Sudeste | I8: Word | J8: 600
A9: 43467 | B9: =YEAR(A9) -> 2019 | C9: =TEXT(A9,"mmm") -> jan | D9: Diego | E9: Micaele Ferrer | F9: Micaele | G9: Ferrer | H9: Sudeste | I9: Word | J9: 500
A10: 43468 | B10: =YEAR(A10) -> 2019 | C10: =TEXT(A10,"mmm") -> jan | D10: Alon | E10: Igor Flavio | F10: Igor | G10: Flavio | H10: Sudeste | I10: Word | J10: 600
A11: 43468 | B11: =YEAR(A11) -> 2019 | C11: =TEXT(A11,"mmm") -> jan | D11: Gabriel | E11: Wesley Medeiros | F11: Wesley | G11: Medeiros | H11: Nordeste | I11: Power BI | J11: 450
A12: 43468 | B12: =YEAR(A12) -> 2019 | C12: =TEXT(A12,"mmm") -> jan | D12: João | E12: Beatriz Costa | F12: Beatriz | G12: Costa | H12: Centro-Oeste | I12: Python | J12: 450
A13: 43469 | B13: =YEAR(A13) -> 2019 | C13: =TEXT(A13,"mmm") -> jan | D13: Gabriel | E13: Marisol Mendes | F13: Marisol | G13: Mendes | H13: Sul | I13: VBA | J13: 600
... A3670: 44561 | B3670: =YEAR(A3670) -> 2021 | C3670: =TEXT(A3670,"mmm") -> dez | D3670: João | E3670: Marcelle Chagas | F3670: Marcelle | G3670: Chagas | H3670: Sudeste | I3670: VBA | J3670: 600

Sheet Análise
A1: Ano | B1: - todas - | F1: Soma de Valor | G1: Produto
F2: Vendedor | G2: Excel | H2: Power BI | I2: PowerPoint | J2: Python | K2: VBA | L2: Word | M2: Total Resultado
A3: Vendedor | B3: Soma de Valor | F3: Alon | G3: 59000 | H3: 40700 | I3: 22300 | J3: 49050 | K3: 73800 | L3: 45950 | M3: 290800
A4: Alon | B4: 290800 | C4: =IF(MAX($B$4:$B$9)=B4,B4,0) -> 0 | D4: =B4-C4 -> 290800 | F4: Diego | G4: 58500 | H4: 40350 | I4: 28000 | J4: 48600 | K4: 67200 | L4: 37400 | M4: 280050
A5: Diego | B5: 280050 | C5: =IF(MAX($B$4:$B$9)=B5,B5,0) -> 0 | D5: =B5-C5 -> 280050 | F5: Gabriel | G5: 52000 | H5: 40700 | I5: 34700 | J5: 48600 | K5: 70200 | L5: 45250 | M5: 291450
A6: Gabriel | B6: 291450 | C6: =IF(MAX($B$4:$B$9)=B6,B6,0) -> 291450 | D6: =B6-C6 -> 0 | F6: João | G6: 55500 | H6: 28400 | I6: 34150 | J6: 55350 | K6: 57000 | L6: 32300 | M6: 262700
A7: João | B7: 262700 | C7: =IF(MAX($B$4:$B$9)=B7,B7,0) -> 0 | D7: =B7-C7 -> 262700 | F7: Marcus | G7: 64000 | H7: 33900 | I7: 28050 | J7: 52650 | K7: 70800 | L7: 36450 | M7: 285850
A8: Marcus | B8: 285850 | C8: =IF(MAX($B$4:$B$9)=B8,B8,0) -> 0 | D8: =B8-C8 -> 285850 | F8: Paulo | G8: 61500 | H8: 32600 | I8: 22800 | J8: 51750 | K8: 73800 | L8: 42750 | M8: 285200
A9: Paulo | B9: 285200 | C9: =IF(MAX($B$4:$B$9)=B9,B9,0) -> 0 | D9: =B9-C9 -> 285200 | F9: Total Resultado | G9: 350500 | H9: 216650 | I9: 170000 | J9: 306000 | K9: 412800 | L9: 240100 | M9: 1696050
A13: Ano | B13: - todas - | F13: Ano | G13: - todas -
A15: Mês | B15: Soma de Valor | C15: Meta | F15: Soma - Valor | G15: Produto
A16: abr | B16: 132050 | C16: 31000 | F16: Mês | G16: Python
A17: ago | B17: 143350 | C17: 46000 | F17: abr | G17: 29700
A18: dez | B18: 151900 | C18: 36000 | F18: ago | G18: 25650
A19: fev | B19: 129150 | C19: 26000 | F19: dez | G19: 29250
A20: jan | B20: 147350 | C20: 46000 | F20: fev | G20: 22050
A21: jul | B21: 144400 | C21: 39000 | F21: jan | G21: 11250
A22: jun | B22: 135150 | C22: 43000 | F22: jul | G22: 27000
A23: mai | B23: 152050 | C23: 51000 | F23: jun | G23: 32850
A24: mar | B24: 134200 | C24: 46000 | F24: mai | G24: 36450
A25: nov | B25: 138200 | C25: 31000 | F25: mar | G25: 24750
A26: out | B26: 142350 | C26: 43000 | F26: nov | G26: 23400
A27: set | B27: 145900 | C27: 51000 | F27: out | G27: 26550
A28: Total Resultado | B28: 1696050 | F28: set | G28: 17100

Sheet Dashboard
B3: =Análise!F3 -> Alon | D3: =Análise!F4 -> Diego | F3: =Análise!F5 -> Gabriel | H3: =Análise!F6 -> João | J3: =Análise!F7 -> Marcus | L3: =Análise!F8 -> Paulo
B4: =Análise!B4 -> 290800 | D4: =Análise!B5 -> 280050 | F4: =Análise!B6 -> 291450 | H4: =Análise!B7 -> 262700 | J4: =Análise!B8 -> 285850 | L4: =Análise!B9 -> 285200
B10: Meta vs Receita | G10: Receita por Produto
B11: Visão por ano | G11: Visão por ano
B35: Análise Vendedor | F35: Análise Vendedor vs Produto
B36: Visão por ano | F36: Visão por ano
F39: =Análise!F3 -> Alon | G39: =Análise!G3 -> 59000 | H39: =Análise!H3 -> 40700 | I39: =Análise!J3 -> 49050 | J39: =Análise!K3 -> 73800 | K39: =Análise!L3 -> 45950 | L39: =Análise!I3 -> 22300
F40: =Análise!F4 -> Diego | G40: =Análise!G4 -> 58500 | H40: =Análise!H4 -> 40350 | I40: =Análise!J4 -> 48600 | J40: =Análise!K4 -> 67200 | K40: =Análise!L4 -> 37400 | L40: =Análise!I4 -> 28000
F41: =Análise!F5 -> Gabriel | G41: =Análise!G5 -> 52000 | H41: =Análise!H5 -> 40700 | I41: =Análise!J5 -> 48600 | J41: =Análise!K5 -> 70200 | K41: =Análise!L5 -> 45250 | L41: =Análise!I5 -> 34700
F42: =Análise!F6 -> João | G42: =Análise!G6 -> 55500 | H42: =Análise!H6 -> 28400 | I42: =Análise!J6 -> 55350 | J42: =Análise!K6 -> 57000 | K42: =Análise!L6 -> 32300 | L42: =Análise!I6 -> 34150
F43: =Análise!F7 -> Marcus | G43: =Análise!G7 -> 64000 | H43: =Análise!H7 -> 33900 | I43: =Análise!J7 -> 52650 | J43: =Análise!K7 -> 70800 | K43: =Análise!L7 -> 36450 | L43: =Análise!I7 -> 28050
F44: =Análise!F8 -> Paulo | G44: =Análise!G8 -> 61500 | H44: =Análise!H8 -> 32600 | I44: =Análise!J8 -> 51750 | J44: =Análise!K8 -> 73800 | K44: =Análise!L8 -> 42750 | L44: =Análise!I8 -> 22800
